id_joueur;pseudo;nom;prenom;mail
1;'Akinori';'Martin';'Axel';'axel.martin@me.com'
2;'Thor';'Bernard';'Evan';'evan.bernard@me.com'
3;'Maximus';'Thomas';'Alexis';'alexis.thomas@me.com'
4;'Exterminateur';'Petit';'Antoine';'antoine.petit@me.com'
5;'Vainqueur';'Robert';'Adam';'adam.robert@me.com'
6;'Naoki';'Richard';'Baptiste';'baptiste.richard@me.com'
7;'Sniper';'Durand';'Enzo';'enzo.durand@me.com'
8;'RockyBalboa';'Dubois';'Leo';'leo.dubois@me.com'
9;'Jaguar';'Moreau';'Lucas';'lucas.moreau@me.com'
10;'Torpille';'Laurent';'Gabriel';'gabriel.laurent@me.com'
11;'Hazzard';'Simon';'Raphael';'raphael.simon@me.com'
12;'Satoshi';'Michel';'Hugo';'hugo.michel@me.com'
13;'Scorpion';'Lefebvre';'Romain';'romain.lefebvre@me.com'
14;'Mcgregor';'Leroy';'Jules';'jules.leroy@me.com'
15;'Cobra';'Roux';'Louis';'louis.roux@me.com'
16;'Hawk';'David';'Mathis';'mathis.david@me.com'
17;'Wunderkind';'Bertrand';'Valentin';'valentin.bertrand@me.com'
18;'Zombie';'Morel';'Ethan';'ethan.morel@me.com'
19;'Napoléon';'Fournier';'Kylian';'kylian.fournier@me.com'
20;'Coyote';'Girard';'Matheo';'matheo.girard@me.com'
21;'Rock';'Bonnet';'Aaron';'aaron.bonnet@me.com'
22;'Whiskey';'Dupont';'Alex';'alex.dupont@me.com'
23;'CRMessi';'Lambert';'Augustin';'augustin.lambert@me.com'
24;'Le_grand_Gamer';'Fontaine';'Gael';'gael.fontaine@me.com'
25;'Pilules_contre_la_douleur';'Rousseau';'Gabin';'gabin.rousseau@me.com'
26;'Leon';'Vincent';'Jean';'jean.vincent@me.com'
27;'Kitsune';'Muller';'Jeremy';'jeremy.muller@me.com'
28;'Massacre';'Lefevre';'Diego';'diego.lefevre@me.com'
29;'Goblete';'Faure';'Lorenzo';'lorenzo.faure@me.com'
30;'TurboSquat';'Andre';'Rafael';'rafael.andre@me.com'
31;'HangLoose';'Mercier';'Samuel';'samuel.mercier@me.com'
32;'Ordinateur_central';'Blanc';'Sacha';'sacha.blanc@me.com'
33;'CyberMancer';'Guerin';'Martin';'martin.guerin@me.com'
34;'Silex';'Boyer';'Luca';'luca.boyer@me.com'
35;'Pehkonen';'Garnier';'Noé';'noé.garnier@me.com'
36;'M_Mavros';'Chevalier';'Tiago';'tiago.chevalier@me.com'
37;'PointlessShot';'Francois';'Eliot';'eliot.francois@me.com'
38;'Salty_BR';'Legrand';'Elouan';'elouan.legrand@me.com'
39;'TankLow';'Gauthier';'Ilan';'ilan.gauthier@me.com'
40;'TrapTok';'Garcia';'Luka';'luka.garcia@me.com'
41;'ScourgeWolf';'Perrin';'Lorenzo';'lorenzo.perrin@me.com'
42;'SkyLord';'Robin';'Mathias';'mathias.robin@me.com'
43;'Drakkoo';'Clement';'Matthieu';'matthieu.clement@me.com'
44;'Guacanarix';'Morin';'Gaetan';'gaetan.morin@me.com'
45;'Anaphylaxie';'Nicolas';'Gaspard';'gaspard.nicolas@me.com'
46;'Claverol';'Henry';'Morgan';'morgan.henry@me.com'
47;'Ronak';'Roussel';'Rafael';'rafael.roussel@me.com'
48;'Manteau_de_tonnerre';'Mathieu';'Kilian';'kilian.mathieu@me.com'
49;'Nygrum';'Gautier';'Samuel';'samuel.gautier@me.com'
50;'Alcatrax';'Masson';'Simon';'simon.masson@me.com'
51;'CoachWhip';'Marchand';'Camille';'camille.marchand@me.com'
52;'Pina_Colada';'Duval';'Anais';'anais.duval@me.com'
53;'Tarte_a_la_creme';'Denis';'Clara';'clara.denis@me.com'
54;'Ultia';'Dumont';'Emma';'emma.dumont@me.com'
55;'Petite_amie';'Marie';'Charlotte';'charlotte.marie@me.com'
56;'Tournesol';'Lemaire';'Celia';'celia.lemaire@me.com'
57;'Fille_idéale';'Noel';'Eva';'eva.noel@me.com'
58;'Caramel';'Meyer';'Ambre';'ambre.meyer@me.com'
59;'Aurore_boréale';'Dufour';'Clemence';'clemence.dufour@me.com'
60;'Coquine';'Meunier';'Juliette';'juliette.meunier@me.com'
61;'Ciganinha';'Brun';'Lena';'lena.brun@me.com'
62;'Debbie';'Blanchard';'Léa';'léa.blanchard@me.com'
63;'Bayssa';'Giraud';'Jeanne';'jeanne.giraud@me.com'
64;'Athenas';'Joly';'Julie';'julie.joly@me.com'
65;'Isis';'Riviere';'Maeva';'maeva.riviere@me.com'
66;'Olimpia';'Lucas';'Mathilde';'mathilde.lucas@me.com'
67;'Gaia';'Brunet';'Louise';'louise.brunet@me.com'
68;'Eris';'Gaillard';'Lucie';'lucie.gaillard@me.com'
69;'Gueidy';'Barbier';'Manon';'manon.barbier@me.com'
70;'Europe';'Arnaud';'Noemie';'noemie.arnaud@me.com'
71;'Clyrene';'Martinez';'Jade';'jade.martinez@me.com'
72;'Erika';'Gerard';'Ines';'ines.gerard@me.com'
73;'Katana';'Roche';'Sarah';'sarah.roche@me.com'
74;'Katrielly';'Renard';'Laura';'laura.renard@me.com'
75;'Themis';'Schmitt';'Lola';'lola.schmitt@me.com'
76;'Klara';'Roy';'Oceane';'oceane.roy@me.com'
77;'Maia';'Leroux';'Pauline';'pauline.leroux@me.com'
78;'Aziza';'Colin';'Romane';'romane.colin@me.com'
79;'Ostara';'Vidal';'Zoé';'zoé.vidal@me.com'
80;'Pandora';'Caron';'Lina';'lina.caron@me.com'
81;'Aurora';'Picard';'Lisa';'lisa.picard@me.com'
82;'Harmony';'Roger';'Maëlys';'maëlys.roger@me.com'
83;'Artemis';'Fabre';'Alicia';'alicia.fabre@me.com'
84;'RainGurl';'Aubert';'Andrea';'andrea.aubert@me.com'
85;'DropHottie';'Lemoine';'Audrey';'audrey.lemoine@me.com'
86;'Mihano';'Renaud';'Angele';'angele.renaud@me.com'
87;'PukkaPie';'Dumas';'Adele';'adele.dumas@me.com'
88;'IrisAzul';'Lacroix';'Alexia';'alexia.lacroix@me.com'
89;'Rosae';'Olivier';'Amandine';'amandine.olivier@me.com'
90;'CardiC';'Philippe';'Angelina';'angelina.philippe@me.com'
91;'Bégaiement';'Bourgeois';'Chiara';'chiara.bourgeois@me.com'
92;'R4taZana';'Pierre';'Claire';'claire.pierre@me.com'
93;'Barnacula';'Benoit';'Coralie';'coralie.benoit@me.com'
94;'BlekKween';'Rey';'Elsa';'elsa.rey@me.com'
95;'Strygga';'Leclerc';'Agathe';'agathe.leclerc@me.com'
96;'Razorina';'Payet';'Constance';'constance.payet@me.com'
97;'Flashing88';'Rolland';'Eleonore';'eleonore.rolland@me.com'
98;'BloodShed';'Leclercq';'Elisa';'elisa.leclercq@me.com'
99;'Urtyga';'Guillaume';'Elodie';'elodie.guillaume@me.com'
100;'KalbKilla';'Lecomte';'Fanny';'fanny.lecomte@me.com'